first6,agency_name,hr_ind,first6_w_hr_ind,grouped_w_hr_ind,grouped_label,agency_num
020010,TOWN BARRINGTON,0,20010_0,Barrington - Town_0,Barrington - Town,020010000
020010,GENERAL ASSISTANCE BARRINGTON,0,20010_0,Barrington - Town_0,Barrington - Town,020010002
020010,ROAD AND BRIDGE BARRINGTON,0,20010_0,Barrington - Town_0,Barrington - Town,020010003
020020,TOWN BERWYN,0,20020_0,Berwyn_0,Berwyn,020020000
020020,GENERAL ASSISTANCE BERWYN,0,20020_0,Berwyn_0,Berwyn,020020002
020020,BERWYN TOWNSHIP COMMUNITY MENTAL HEALTH DISTRICT,0,20020_0,Berwyn_0,Berwyn,020020004
020020,PUBLIC HEALTH BERWYN,0,20020_0,Berwyn_0,Berwyn,020020005
020030,TOWN BLOOM,0,20030_0,Bloom_0,Bloom,020030000
020030,GENERAL ASSISTANCE BLOOM,0,20030_0,Bloom_0,Bloom,020030002
020030,ROAD AND BRIDGE BLOOM,0,20030_0,Bloom_0,Bloom,020030003
020040,TOWN BREMEN,0,20040_0,Bremen_0,Bremen,020040000
020040,GENERAL ASSISTANCE BREMEN,0,20040_0,Bremen_0,Bremen,020040002
020040,ROAD AND BRIDGE BREMEN,0,20040_0,Bremen_0,Bremen,020040003
020050,TOWN CALUMET,0,20050_0,Calumet - Town_0,Calumet - Town,020050000
020050,GENERAL ASSISTANCE CALUMET,0,20050_0,Calumet - Town_0,Calumet - Town,020050002
020050,ROAD AND BRIDGE CALUMET,0,20050_0,Calumet - Town_0,Calumet - Town,020050003
020060,TOWN CICERO,1,20060_1,Cicero_1,Cicero,020060000
020060,TOWN OF CICERO LIBRARY FUND,1,20060_1,Cicero_1,Cicero,020060001
020060,GENERAL ASSISTANCE CICERO,1,20060_1,Cicero_1,Cicero,020060002
020060,CICERO COMMUNITY MENTAL HEALTH FUND,1,20060_1,Cicero_1,Cicero,020060004
020070,TOWN ELK GROVE,0,20070_0,Elk Grove_0,Elk Grove,020070000
020070,GENERAL ASSISTANCE ELK GROVE,0,20070_0,Elk Grove_0,Elk Grove,020070002
020070,ROAD AND BRIDGE ELK GROVE,0,20070_0,Elk Grove_0,Elk Grove,020070003
020080,TOWN OF EVANSTON,0,20080_0,Evanston - Town_0,Evanston - Town,020080000
020080,GENERAL ASSISTANCE EVANSTON,0,20080_0,Evanston - Town_0,Evanston - Town,020080002
020090,TOWN OF HANOVER,0,20090_0,Hanover_0,Hanover,020090000
020090,GENERAL ASSISTANCE HANOVER,0,20090_0,Hanover_0,Hanover,020090002
020090,ROAD AND BRIDGE HANOVER,0,20090_0,Hanover_0,Hanover,020090003
020090,COMMUNITY MENTAL HEALTH FACILITIES & SERVICE DISTRICT,0,20090_0,Hanover_0,Hanover,020090004
020100,TOWN LEMONT,0,20100_0,Lemont_0,Lemont,020100000
020100,GENERAL ASSISTANCE LEMONT,0,20100_0,Lemont_0,Lemont,020100002
020100,ROAD AND BRIDGE LEMONT,0,20100_0,Lemont_0,Lemont,020100003
020110,TOWN LEYDEN,0,20110_0,Leyden_0,Leyden,020110000
020110,GENERAL ASSISTANCE LEYDEN,0,20110_0,Leyden_0,Leyden,020110002
020110,ROAD AND BRIDGE LEYDEN,0,20110_0,Leyden_0,Leyden,020110003
020110,LEYDEN TOWNSHIP SPECIAL REFUSE COLLECTION DISTRICT,0,20110_0,Leyden_0,Leyden,020110007
020110,TOWN LEYDEN - WESTDALE PARK DISTRICT,0,20110_0,Leyden_0,Leyden,020110008
020120,TOWN LYONS,0,20120_0,Lyons_0,Lyons,020120000
020120,GENERAL ASSISTANCE LYONS,0,20120_0,Lyons_0,Lyons,020120002
020120,ROAD AND BRIDGE LYONS,0,20120_0,Lyons_0,Lyons,020120003
020120,LYONS MENTAL HEALTH,0,20120_0,Lyons_0,Lyons,020120004
020120,LYONS TOWNSHIP SPECIAL POLICE DISTRICT,0,20120_0,Lyons_0,Lyons,020120006
020130,TOWN MAINE,0,20130_0,Maine_0,Maine,020130000
020130,GENERAL ASSISTANCE MAINE,0,20130_0,Maine_0,Maine,020130002
020130,ROAD AND BRIDGE MAINE,0,20130_0,Maine_0,Maine,020130003
020140,TOWN NEW TRIER,0,20140_0,New Trier_0,New Trier,020140000
020140,GENERAL ASSISTANCE NEW TRIER,0,20140_0,New Trier_0,New Trier,020140002
020140,ROAD AND BRIDGE NEW TRIER,0,20140_0,New Trier_0,New Trier,020140003
020150,TOWN NILES,0,20150_0,Niles_0,Niles,020150000
020150,GENERAL ASSISTANCE NILES,0,20150_0,Niles_0,Niles,020150002
020150,ROAD AND BRIDGE NILES,0,20150_0,Niles_0,Niles,020150003
020160,TOWN NORTHFIELD,0,20160_0,Northfield_0,Northfield,020160000
020160,GENERAL ASSISTANCE NORTHFIELD,0,20160_0,Northfield_0,Northfield,020160002
020160,ROAD AND BRIDGE NORTHFIELD,0,20160_0,Northfield_0,Northfield,020160003
020160,NORTHFIELD TOWNSHIP SPECIAL POLICE DISTRICT,0,20160_0,Northfield_0,Northfield,020160006
020170,TOWN NORWOOD PARK,0,20170_0,Norwood Park_0,Norwood Park,020170000
020170,GENERAL ASSISTANCE NORWOOD PARK,0,20170_0,Norwood Park_0,Norwood Park,020170002
020170,ROAD AND BRIDGE NORWOOD PARK,0,20170_0,Norwood Park_0,Norwood Park,020170003
020170,NORWOOD PARK TOWNSHIP SPECIAL POLICE DISTRICT,0,20170_0,Norwood Park_0,Norwood Park,020170006
020180,TOWN OAK PARK,0,20180_0,Oak Park - Town_0,Oak Park - Town,020180000
020180,GENERAL ASSISTANCE OAK PARK,0,20180_0,Oak Park - Town_0,Oak Park - Town,020180002
020180,OAK PARK MENTAL HEALTH DISTRICT,0,20180_0,Oak Park - Town_0,Oak Park - Town,020180004
020190,TOWN ORLAND,0,20190_0,Orland_0,Orland,020190000
020190,GENERAL ASSISTANCE ORLAND,0,20190_0,Orland_0,Orland,020190002
020190,ROAD AND BRIDGE ORLAND,0,20190_0,Orland_0,Orland,020190003
020200,TOWN PALATINE,0,20200_0,Palatine_0,Palatine,020200000
020200,GENERAL ASSISTANCE PALATINE,0,20200_0,Palatine_0,Palatine,020200002
020200,ROAD AND BRIDGE PALATINE,0,20200_0,Palatine_0,Palatine,020200003
020210,TOWN OF PALOS,0,20210_0,Palos_0,Palos,020210000
020210,GENERAL ASSISTANCE PALOS,0,20210_0,Palos_0,Palos,020210002
020210,ROAD AND BRIDGE PALOS,0,20210_0,Palos_0,Palos,020210003
020220,TOWN PROVISO,0,20220_0,Proviso_0,Proviso,020220000
020220,GENERAL ASSISTANCE PROVISO,0,20220_0,Proviso_0,Proviso,020220002
020220,ROAD AND BRIDGE PROVISO,0,20220_0,Proviso_0,Proviso,020220003
020220,MENTAL HEALTH DISTRICT PROVISO,0,20220_0,Proviso_0,Proviso,020220004
020230,TOWN RICH,0,20230_0,Rich_0,Rich,020230000
020230,GENERAL ASSISTANCE RICH,0,20230_0,Rich_0,Rich,020230002
020230,ROAD AND BRIDGE RICH,0,20230_0,Rich_0,Rich,020230003
020240,TOWN RIVER FOREST,0,20240_0,River Forest_0,River Forest,020240000
020240,GENERAL ASSISTANCE RIVER FOREST,0,20240_0,River Forest_0,River Forest,020240002
020250,TOWN RIVERSIDE,0,20250_0,Riverside - Town_0,Riverside - Town,020250000
020250,GENERAL ASSISTANCE RIVERSIDE,0,20250_0,Riverside - Town_0,Riverside - Town,020250002
020250,ROAD AND BRIDGE RIVERSIDE,0,20250_0,Riverside - Town_0,Riverside - Town,020250003
020250,RIVERSIDE MENTAL HEALTH DISTRICT,0,20250_0,Riverside - Town_0,Riverside - Town,020250004
020260,TOWN SCHAUMBURG,0,20260_0,Schaumburg_0,Schaumburg,020260000
020260,GENERAL ASSISTANCE SCHAUMBURG,0,20260_0,Schaumburg_0,Schaumburg,020260002
020260,ROAD AND BRIDGE SCHAUMBURG,0,20260_0,Schaumburg_0,Schaumburg,020260003
020260,SCHAUMBURG TOWNSHIP SPECIAL POLICE DISTRICT,0,20260_0,Schaumburg_0,Schaumburg,020260006
020270,TOWN STICKNEY,0,20270_0,Stickney_0,Stickney,020270000
020270,GENERAL ASSISTANCE STICKNEY,0,20270_0,Stickney_0,Stickney,020270002
020270,ROAD AND BRIDGE STICKNEY,0,20270_0,Stickney_0,Stickney,020270003
020270,STICKNEY PUBLIC HEALTH DISTRICT,0,20270_0,Stickney_0,Stickney,020270004
020280,TOWN THORNTON,0,20280_0,Thornton - Town_0,Thornton - Town,020280000
020280,GENERAL ASSISTANCE THORNTON,0,20280_0,Thornton - Town_0,Thornton - Town,020280002
020280,ROAD AND BRIDGE THORNTON,0,20280_0,Thornton - Town_0,Thornton - Town,020280003
020290,TOWN WHEELING,0,20290_0,Wheeling_0,Wheeling,020290000
020290,GENERAL ASSISTANCE WHEELING,0,20290_0,Wheeling_0,Wheeling,020290002
020290,ROAD AND BRIDGE WHEELING,0,20290_0,Wheeling_0,Wheeling,020290003
020300,TOWN OF WORTH,0,20300_0,Worth_0,Worth,020300000
020300,GENERAL ASSISTANCE WORTH,0,20300_0,Worth_0,Worth,020300002
020300,ROAD AND BRIDGE WORTH,0,20300_0,Worth_0,Worth,020300003
030010,VILLAGE OF ALSIP,1,30010_1,Alsip_1,Alsip,030010000
030020,VILLAGE OF ARLINGTON HEIGHTS,1,30020_1,Arlington Heights_1,Arlington Heights,030020000
030020,VILLAGE OF ARLINGTON HEIGHTS LIBRARY FUND,1,30020_1,Arlington Heights_1,Arlington Heights,030020001
030030,VILLAGE OF BARRINGTON,0,30030_0,Barrington_0,Barrington,030030000
030040,VILLAGE OF BARRINGTON HILLS,1,30040_1,Barrington Hills_1,Barrington Hills,030040000
030050,VILLAGE OF BARTLETT,1,30050_1,Bartlett_1,Bartlett,030050000
030060,VILLAGE OF BEDFORD PARK,1,30060_1,Bedford Park_1,Bedford Park,030060000
030070,VILLAGE OF BELLWOOD,1,30070_1,Bellwood_1,Bellwood,030070000
030070,VILLAGE OF BELLWOOD LIBRARY FUND,1,30070_1,Bellwood_1,Bellwood,030070001
030080,VILLAGE OF BENSENVILLE,0,30080_0,Bensenville_0,Bensenville,030080000
030090,VILLAGE OF BERKELEY,1,30090_1,Berkeley_1,Berkeley,030090000
030090,VILLAGE OF BERKELEY LIBRARY FUND,1,30090_1,Berkeley_1,Berkeley,030090001
030100,CITY OF BERWYN,1,30100_1,Berwyn_1,Berwyn,030100000
030100,CITY OF BERWYN LIBRARY FUND,1,30100_1,Berwyn_1,Berwyn,030100001
030110,CITY OF BLUE ISLAND,0,30110_0,Blue Island_0,Blue Island,030110000
030110,CITY OF BLUE ISLAND LIBRARY FUND,0,30110_0,Blue Island_0,Blue Island,030110001
030120,VILLAGE OF BRIDGEVIEW,1,30120_1,Bridgeview_1,Bridgeview,030120000
030120,VILLAGE OF BRIDGEVIEW LIBRARY FUND,1,30120_1,Bridgeview_1,Bridgeview,030120001
030130,VILLAGE OF BROADVIEW,0,30130_0,Broadview_0,Broadview,030130000
030140,VILLAGE OF BROOKFIELD,0,30140_0,Brookfield_0,Brookfield,030140000
030140,VILLAGE OF BROOKFIELD LIBRARY FUND,0,30140_0,Brookfield_0,Brookfield,030140001
030150,VILLAGE OF BUFFALO GROVE,1,30150_1,Buffalo Grove_1,Buffalo Grove,030150000
030160,CITY OF BURBANK,1,30160_1,Burbank_1,Burbank,030160000
030170,VILLAGE OF BURNHAM,1,30170_1,Burnham_1,Burnham,030170000
030180,VILLAGE OF BURR RIDGE,0,30180_0,Burr Ridge_0,Burr Ridge,030180000
030190,CITY OF CALUMET CITY,1,30190_1,Calumet City_1,Calumet City,030190000
030190,CITY OF CALUMET CITY LIBRARY FUND,1,30190_1,Calumet City_1,Calumet City,030190001
030200,VILLAGE OF CALUMET PARK,1,30200_1,Calumet Park_1,Calumet Park,030200000
030200,VILLAGE OF CALUMET PARK LIBRARY FUND,1,30200_1,Calumet Park_1,Calumet Park,030200001
030210,CITY OF CHICAGO,1,30210_1,Chicago_1,Chicago,030210000
030210,CITY OF CHICAGO LIBRARY FUND,1,30210_1,Chicago_1,Chicago,030210001
030210,CITY OF CHICAGO SCHOOL BLDG & IMP FUND,1,30210_1,Chicago_1,Chicago,030210002
030220,CITY OF CHICAGO HEIGHTS,1,30220_1,Chicago Heights_1,Chicago Heights,030220000
030220,CITY OF CHICAGO HEIGHTS LIBRARY FUND,1,30220_1,Chicago Heights_1,Chicago Heights,030220001
030230,VILLAGE OF CHICAGO RIDGE,1,30230_1,Chicago Ridge_1,Chicago Ridge,030230000
030230,VILLAGE OF CHICAGO RIDGE LIBRARY FUND,1,30230_1,Chicago Ridge_1,Chicago Ridge,030230001
030240,CITY OF COUNTRY CLUB HILLS,1,30240_1,Country Club Hills_1,Country Club Hills,030240000
030250,CITY OF COUNTRYSIDE,1,30250_1,Countryside_1,Countryside,030250000
030260,VILLAGE OF CRESTWOOD,0,30260_0,Crestwood_0,Crestwood,030260000
030270,VILLAGE OF DEER PARK,1,30270_1,Deer Park_1,Deer Park,030270000
030280,VILLAGE OF DEERFIELD,1,30280_1,Deerfield_1,Deerfield,030280000
030280,VILLAGE OF DEERFIELD LIBRARY FUND,1,30280_1,Deerfield_1,Deerfield,030280001
030290,CITY OF DES PLAINES,1,30290_1,Des Plaines_1,Des Plaines,030290000
030290,CITY OF DES PLAINES LIBRARY FUND,1,30290_1,Des Plaines_1,Des Plaines,030290001
030300,VILLAGE OF DIXMOOR,0,30300_0,Dixmoor_0,Dixmoor,030300000
030310,VILLAGE OF DOLTON,1,30310_1,Dolton_1,Dolton,030310000
030320,VILLAGE OF EAST DUNDEE,1,30320_1,East Dundee_1,East Dundee,030320000
030330,VILLAGE OF EAST HAZELCREST,1,30330_1,East Hazelcrest_1,East Hazelcrest,030330000
030340,CITY OF ELGIN,1,30340_1,Elgin_1,Elgin,030340000
030350,VILLAGE OF ELK GROVE VILLAGE,1,30350_1,Elk Grove Village_1,Elk Grove Village,030350000
030350,VILLAGE OF ELK GROVE VILLAGE LIBRARY,1,30350_1,Elk Grove Village_1,Elk Grove Village,030350001
030370,VILLAGE OF ELMWOOD PARK,1,30370_1,Elmwood Park_1,Elmwood Park,030370000
030370,VILLAGE OF ELMWOOD PARK LIBRARY FUND,1,30370_1,Elmwood Park_1,Elmwood Park,030370001
030380,CITY OF EVANSTON,1,30380_1,Evanston_1,Evanston,030380000
030380,CITY OF EVANSTON LIBRARY FUND,1,30380_1,Evanston_1,Evanston,030380001
030380,CITY OF EVANSTON GENERAL ASSISTANCE,1,30380_1,Evanston_1,Evanston,030380002
030390,VILLAGE OF EVERGREEN PARK,1,30390_1,Evergreen Park_1,Evergreen Park,030390000
030390,VILLAGE OF EVERGREEN PARK LIBRARY FUND,1,30390_1,Evergreen Park_1,Evergreen Park,030390001
030400,VILLAGE OF FLOSSMOOR,0,30400_0,Flossmoor_0,Flossmoor,030400000
030400,VILLAGE OF FLOSSMOOR LIBRARY FUND,0,30400_0,Flossmoor_0,Flossmoor,030400001
030410,VILLAGE OF FORD HEIGHTS,0,30410_0,Ford Heights_0,Ford Heights,030410000
030420,VILLAGE OF FOREST PARK,0,30420_0,Forest Park_0,Forest Park,030420000
030420,VILLAGE OF FOREST PARK LIBRARY FUND,0,30420_0,Forest Park_0,Forest Park,030420001
030430,VILLAGE OF FORESTVIEW,1,30430_1,Forestview_1,Forestview,030430000
030440,VILLAGE OF FRANKFORT,0,30440_0,Frankfort_0,Frankfort,030440000
030450,VILLAGE OF FRANKLIN PARK,0,30450_0,Franklin Park_0,Franklin Park,030450000
030460,VILLAGE OF GLENCOE,0,30460_0,Glencoe_0,Glencoe,030460000
030460,VILLAGE OF GLENCOE LIBRARY FUND,0,30460_0,Glencoe_0,Glencoe,030460001
030470,VILLAGE OF GLENVIEW,1,30470_1,Glenview_1,Glenview,030470000
030470,VILLAGE OF GLENVIEW LIBRARY FUND,1,30470_1,Glenview_1,Glenview,030470001
030480,VILLAGE OF GLENWOOD,1,30480_1,Glenwood_1,Glenwood,030480000
030490,VILLAGE OF GOLF,1,30490_1,Golf_1,Golf,030490000
030500,VILLAGE OF HANOVER PARK,1,30500_1,Hanover Park_1,Hanover Park,030500000
030510,CITY OF HARVEY,1,30510_1,Harvey_1,Harvey,030510000
030520,VILLAGE OF HARWOOD HEIGHTS,1,30520_1,Harwood Heights_1,Harwood Heights,030520000
030530,VILLAGE OF HAZELCREST,1,30530_1,Hazelcrest_1,Hazelcrest,030530000
030540,CITY OF HICKORY HILLS,0,30540_0,Hickory Hills_0,Hickory Hills,030540000
030550,VILLAGE OF HILLSIDE,1,30550_1,Hillside_1,Hillside,030550000
030550,VILLAGE OF HILLSIDE LIBRARY FUND,1,30550_1,Hillside_1,Hillside,030550001
030560,VILLAGE OF HINSDALE,0,30560_0,Hinsdale_0,Hinsdale,030560000
030560,VILLAGE OF HINSDALE LIBRARY FUND,0,30560_0,Hinsdale_0,Hinsdale,030560001
030570,VILLAGE OF HODGKINS,1,30570_1,Hodgkins_1,Hodgkins,030570000
030580,VILLAGE OF HOFFMAN ESTATES,1,30580_1,Hoffman Estates_1,Hoffman Estates,030580000
030580,VILLAGE OF HOFFMAN ESTATES BOND,1,30580_1,drop_1,drop,030580002
030585,VILLAGE OF HOMER GLEN,1,30585_1,Homer Glen_1,Homer Glen,030585000
030590,CITY OF HOMETOWN,0,30590_0,Hometown_0,Hometown,030590000
030590,CITY OF HOMETOWN LIBRARY FUND,0,30590_0,Hometown_0,Hometown,030590001
030600,VILLAGE OF HOMEWOOD,0,30600_0,Homewood_0,Homewood,030600000
030610,VILLAGE OF INDIAN HEAD PARK,0,30610_0,Indian Head Park_0,Indian Head Park,030610000
030630,VILLAGE OF INVERNESS,1,30630_1,Inverness_1,Inverness,030630000
030640,VILLAGE OF JUSTICE,0,30640_0,Justice_0,Justice,030640000
030650,VILLAGE OF KENILWORTH,0,30650_0,Kenilworth_0,Kenilworth,030650000
030660,VILLAGE OF LA GRANGE,0,30660_0,La Grange_0,La Grange,030660000
030660,VILLAGE OF LA GRANGE LIBRARY FUND,0,30660_0,La Grange_0,La Grange,030660001
030670,VILLAGE OF LA GRANGE PARK,0,30670_0,La Grange Park_0,La Grange Park,030670000
030680,VILLAGE OF LANSING,1,30680_1,Lansing_1,Lansing,030680000
030680,VILLAGE OF LANSING LIBRARY FUND,1,30680_1,Lansing_1,Lansing,030680001
030690,VILLAGE OF LEMONT,0,30690_0,Lemont_0,Lemont,030690000
030700,VILLAGE OF LINCOLNWOOD,1,30700_1,Lincolnwood_1,Lincolnwood,030700000
030710,VILLAGE OF LYNWOOD,0,30710_0,Lynwood_0,Lynwood,030710000
030720,VILLAGE OF LYONS,0,30720_0,Lyons_0,Lyons,030720000
030720,VILLAGE OF LYONS LIBRARY FUND,0,30720_0,Lyons_0,Lyons,030720001
030730,CITY OF MARKHAM,1,30730_1,Markham_1,Markham,030730000
030730,CITY OF MARKHAM LIBRARY FUND,1,30730_1,Markham_1,Markham,030730001
030740,VILLAGE OF MATTESON,0,30740_0,Matteson_0,Matteson,030740000
030740,VILLAGE OF MATTESON LIBRARY FUND,0,30740_0,Matteson_0,Matteson,030740001
030750,VILLAGE OF MAYWOOD,1,30750_1,Maywood_1,Maywood,030750000
030760,VILLAGE OF MC COOK,1,30760_1,McCook_1,McCook,030760000
030770,VILLAGE OF MELROSE PARK,0,30770_0,Melrose Park_0,Melrose Park,030770000
030770,VILLAGE OF MELROSE PARK LIBRARY FUND,0,30770_0,Melrose Park_0,Melrose Park,030770001
030780,VILLAGE OF MERRIONETTE PARK,0,30780_0,Merrionette Park_0,Merrionette Park,030780000
030800,VILLAGE OF MIDLOTHIAN,0,30800_0,Midlothian_0,Midlothian,030800000
030800,VILLAGE OF MIDLOTHIAN LIBRARY FUND,0,30800_0,Midlothian_0,Midlothian,030800001
030810,VILLAGE OF MORTON GROVE,1,30810_1,Morton Grove_1,Morton Grove,030810000
030810,VILLAGE OF MORTON GROVE LIBRARY FUND,1,30810_1,Morton Grove_1,Morton Grove,030810001
030820,VILLAGE OF MT PROSPECT,1,30820_1,Mount Prospect_1,Mount Prospect,030820000
030820,VILLAGE OF MOUNT PROSPECT LIBRARY FUND,1,30820_1,Mount Prospect_1,Mount Prospect,030820001
030820,VILLAGE OF MOUNT PROSPECT BOND,1,30820_1,Mount Prospect_1,Mount Prospect,030820002
030830,VILLAGE OF NILES,1,30830_1,Niles_1,Niles,030830000
030840,VILLAGE OF NORRIDGE,1,30840_1,Norridge_1,Norridge,030840000
030850,CITY OF NORTH LAKE,1,30850_1,North Lake_1,North Lake,030850000
030860,VILLAGE OF NORTH RIVERSIDE,0,30860_0,North Riverside_0,North Riverside,030860000
030870,VILLAGE OF NORTHBROOK,1,30870_1,Northbrook_1,Northbrook,030870000
030870,VILLAGE OF NORTHBROOK LIBRARY FUND,1,30870_1,Northbrook_1,Northbrook,030870001
030880,VILLAGE OF NORTHFIELD,0,30880_0,Northfield_0,Northfield,030880000
030890,VILLAGE OF OAK BROOK,1,30890_1,Oak Brook_1,Oak Brook,030890000
030900,CITY OF OAK FOREST,1,30900_1,Oak Forest_1,Oak Forest,030900000
030910,VILLAGE OF OAK LAWN,1,30910_1,Oak Lawn_1,Oak Lawn,030910000
030910,VILLAGE OF OAK LAWN LIBRARY FUND,1,30910_1,Oak Lawn_1,Oak Lawn,030910001
030920,VILLAGE OF OAK PARK,1,30920_1,Oak Park_1,Oak Park,030920000
030920,VILLAGE OF OAK PARK LIBRARY FUND,1,30920_1,Oak Park_1,Oak Park,030920001
030930,VILLAGE OF OLYMPIA FIELDS,0,30930_0,Olympia Fields_0,Olympia Fields,030930000
030930,VILLAGE OF OLYMPIA FIELDS LIBRARY FUND,0,30930_0,Olympia Fields_0,Olympia Fields,030930001
030940,VILLAGE OF ORLAND HILLS,0,30940_0,Orland Hills_0,Orland Hills,030940000
030950,VILLAGE OF ORLAND PARK,1,30950_1,Orland Park_1,Orland Park,030950000
030950,VILLAGE OF ORLAND PARK LIBRARY FUND,1,30950_1,Orland Park_1,Orland Park,030950001
030960,VILLAGE OF PALATINE,1,30960_1,Palatine_1,Palatine,030960000
030970,CITY OF PALOS HEIGHTS,0,30970_0,Palos Heights_0,Palos Heights,030970000
030970,CITY OF PALOS HEIGHTS LIBRARY FUND,0,30970_0,Palos Heights_0,Palos Heights,030970001
030980,CITY OF PALOS HILLS,0,30980_0,Palos Hills_0,Palos Hills,030980000
030990,VILLAGE OF PALOS PARK,0,30990_0,Palos Park_0,Palos Park,030990000
030990,VILLAGE OF PALOS PARK LIBRARY FUND,0,30990_0,Palos Park_0,Palos Park,030990001
031000,VILLAGE OF PARK FOREST,1,31000_1,Park Forest_1,Park Forest,031000000
031000,VILLAGE OF PARK FOREST LIBRARY FUND,1,31000_1,Park Forest_1,Park Forest,031000001
031010,CITY OF PARK RIDGE,1,31010_1,Park Ridge_1,Park Ridge,031010000
031010,CITY OF PARK RIDGE LIBRARY FUND,1,31010_1,Park Ridge_1,Park Ridge,031010001
031020,VILLAGE OF PHOENIX,1,31020_1,Phoenix_1,Phoenix,031020000
031030,VILLAGE OF POSEN,1,31030_1,Posen_1,Posen,031030000
031040,CITY OF PROSPECT HEIGHTS,0,31040_0,Prospect Heights_0,Prospect Heights,031040000
031050,VILLAGE OF RICHTON PARK,0,31050_0,Richton Park_0,Richton Park,031050000
031060,VILLAGE OF RIVER FOREST,0,31060_0,River Forest_0,River Forest,031060000
031060,VILLAGE OF RIVER FOREST LIBRARY FUND,0,31060_0,River Forest_0,River Forest,031060001
031070,VILLAGE OF RIVER GROVE,0,31070_0,River Grove_0,River Grove,031070000
031080,VILLAGE OF RIVERDALE,1,31080_1,Riverdale_1,Riverdale,031080000
031090,VILLAGE OF RIVERSIDE,0,31090_0,Riverside_0,Riverside,031090000
031090,VILLAGE OF RIVERSIDE LIBRARY FUND,0,31090_0,Riverside_0,Riverside,031090001
031100,VILLAGE OF ROBBINS,1,31100_1,Robbins_1,Robbins,031100000
031110,CITY OF ROLLING MEADOWS,1,31110_1,Rolling Meadows_1,Rolling Meadows,031110000
031110,CITY OF ROLLING MEADOWS LIBRARY FUND,1,31110_1,Rolling Meadows_1,Rolling Meadows,031110001
031120,VILLAGE OF ROSELLE,0,31120_0,Roselle_0,Roselle,031120000
031130,VILLAGE OF ROSEMONT,1,31130_1,Rosemont_1,Rosemont,031130000
031140,VILLAGE OF SAUK VILLAGE,0,31140_0,Sauk Village_0,Sauk Village,031140000
031150,VILLAGE OF SCHAUMBURG,1,31150_1,Schaumburg_1,Schaumburg,031150000
031160,VILLAGE OF SCHILLER PARK,1,31160_1,Schiller Park_1,Schiller Park,031160000
031160,VILLAGE OF SCHILLER PARK LIBRARY FUND,1,31160_1,Schiller Park_1,Schiller Park,031160001
031170,VILLAGE OF SKOKIE,1,31170_1,Skokie_1,Skokie,031170000
031170,VILLAGE OF SKOKIE LIBRARY FUND,1,31170_1,Skokie_1,Skokie,031170001
031180,VILLAGE OF SOUTH BARRINGTON,1,31180_1,South Barrington_1,South Barrington,031180000
031190,VILLAGE OF SOUTH CHICAGO HEIGHTS,0,31190_0,South Chicago Heights_0,South Chicago Heights,031190000
031200,VILLAGE OF SOUTH HOLLAND,1,31200_1,South Holland_1,South Holland,031200000
031200,VILLAGE OF SOUTH HOLLAND LIBRARY FUND,1,31200_1,South Holland_1,South Holland,031200001
031210,VILLAGE OF STEGER,0,31210_0,Steger_0,Steger,031210000
031220,VILLAGE OF STICKNEY,1,31220_1,Stickney_1,Stickney,031220000
031230,VILLAGE OF STONE PARK,1,31230_1,Stone Park_1,Stone Park,031230000
031240,VILLAGE OF STREAMWOOD,1,31240_1,Streamwood_1,Streamwood,031240000
031250,VILLAGE OF SUMMIT,0,31250_0,Summit_0,Summit,031250000
031250,VILLAGE OF SUMMIT LIBRARY FUND,0,31250_0,Summit_0,Summit,031250001
031260,VILLAGE OF THORNTON,1,31260_1,Thornton_1,Thornton,031260000
031260,VILLAGE OF THORNTON LIBRARY FUND,1,31260_1,Thornton_1,Thornton,031260001
031270,VILLAGE OF TINLEY PARK,1,31270_1,Tinley Park_1,Tinley Park,031270000
031270,VILLAGE OF TINLEY PARK LIBRARY FUND,1,31270_1,Tinley Park_1,Tinley Park,031270001
031280,VILLAGE OF UNIVERSITY PARK,1,31280_1,University Park_1,University Park,031280000
031290,VILLAGE OF WESTCHESTER,0,31290_0,Westchester_0,Westchester,031290000
031290,VILLAGE OF WESTCHESTER LIBRARY FUND,0,31290_0,Westchester_0,Westchester,031290001
031300,VILLAGE OF WESTERN SPRINGS,0,31300_0,Western Springs_0,Western Springs,031300000
031300,VILLAGE OF WESTERN SPRINGS LIBRARY FUND,0,31300_0,Western Springs_0,Western Springs,031300001
031310,VILLAGE OF WHEELING,1,31310_1,Wheeling_1,Wheeling,031310000
031320,VILLAGE OF WILLOW SPRINGS,0,31320_0,Willow Springs_0,Willow Springs,031320000
031330,VILLAGE OF WILMETTE,1,31330_1,Wilmette_1,Wilmette,031330000
031340,VILLAGE OF WINNETKA,1,31340_1,Winnetka_1,Winnetka,031340000
031350,VILLAGE OF WORTH,0,31350_0,Worth_0,Worth,031350000
040130,SCHOOL DISTRICT 31 BOND DEFICIENCY LEVY,1,40130_1,drop_1,drop,040130010
040150,SD 35 BOND / PART ASSUMED SD 36 PER ANNEX,1,40150_1,drop_1,drop,040150001
040620,SD 101 BOND / PART ASSUMED BY SD 181 ANNEX,1,40620_1,drop_1,drop,040620001
040830,SD 122 BOND / PART ANNEXED BY SD 127 1/2 2010,1,40830_1,drop_1,drop,040830001
042070,HIGH SCHOOL 205 BOND / PART ASSUMED BY HIGH SCHOOL 215 PER ANNEX,1,42070_1,drop_1,drop,042070001
050010,ALSIP PARK DISTRICT,0,50010_0,Alsip_0,Alsip,050010000
050020,ARLINGTON HEIGHTS PARK DISTRICT,0,50020_0,Arlington Heights_0,Arlington Heights,050020000
050030,BARRINGTON HILLS PARK DISTRICT,0,50030_0,Barrington Hills_0,Barrington Hills,050030000
050040,BARRINGTON PARK DISTRICT,0,50040_0,Barrington_0,Barrington,050040000
050050,BARTLETT PARK DISTRICT,0,50050_0,Bartlett_0,Bartlett,050050000
050060,BEDFORD PARK PARK DISTRICT,0,50060_0,Bedford Park_0,Bedford Park,050060000
050070,BENSENVILLE PARK DISTRICT,0,50070_0,Bensenville_0,Bensenville,050070000
050080,BERKELEY PARK DISTRICT,0,50080_0,Berkeley_0,Berkeley,050080000
050090,BERWYN PARK DISTRICT,0,50090_0,Berwyn_0,Berwyn,050090000
050100,BLUE ISLAND PARK DISTRICT,0,50100_0,Blue Island_0,Blue Island,050100000
050110,BRIDGEVIEW PARK DISTRICT,0,50110_0,Bridgeview_0,Bridgeview,050110000
050120,BROADVIEW PARK DISTRICT,0,50120_0,Broadview_0,Broadview,050120000
050130,BUFFALO GROVE PARK DISTRICT,0,50130_0,Buffalo Grove_0,Buffalo Grove,050130000
050140,BURBANK PARK DISTRICT,0,50140_0,Burbank_0,Burbank,050140000
050150,BURR RIDGE PARK DISTRICT,0,50150_0,Burr Ridge_0,Burr Ridge,050150000
050160,CALUMET MEMORIAL PARK DISTRICT,0,50160_0,Calumet_0,Calumet,050160000
050180,CENTRAL STICKNEY PARK DISTRICT,0,50180_0,Central Stickney_0,Central Stickney,050180000
050190,CHICAGO HEIGHTS PARK DISTRICT,0,50190_0,Chicago Heights_0,Chicago Heights,050190000
050200,CHICAGO PARK DISTRICT,0,50200_0,Chicago_0,Chicago,050200000
050200,CHICAGO PARK DISTRICT AQUARIUM & MUSEUM BONDS,1,50200_1,Chicago_1,Chicago,050200001
050210,CHICAGO RIDGE PARK DISTRICT,0,50210_0,Chicago Ridge_0,Chicago Ridge,050210000
050220,CLYDE PARK DISTRICT,0,50220_0,Cicero_0,Cicero,050220000
050230,COMMUNITY PARK DISTRICT OF LAGRANGE PARK,0,50230_0,La Grange Park_0,La Grange Park,050230000
050240,COUNTRY CLUB HILLS PARK DISTRICT,0,50240_0,Country Club Hills_0,Country Club Hills,050240000
050270,DEERFIELD PARK DISTRICT,0,50270_0,Deerfield_0,Deerfield,050270000
050280,DES PLAINES PARK DISTRICT,0,50280_0,Des Plaines_0,Des Plaines,050280000
050290,DIXMOOR PARK DISTRICT,0,50290_0,drop_0,drop,050290000
050300,DOLTON PARK DISTRICT,0,50300_0,Dolton_0,Dolton,050300000
050310,DUNDEE TOWNSHIP PARK DISTRICT,0,50310_0,Dundee_0,Dundee,050310000
050320,ELK GROVE PARK DISTRICT,0,50320_0,Elk Grove_0,Elk Grove,050320000
050330,ELMHURST PARK DISTRICT,0,50330_0,Elmhurst_0,Elmhurst,050330000
050345,FORD HEIGHTS PARK DISTRICT,0,50345_0,Ford Heights_0,Ford Heights,050345000
050350,FOREST PARK PARK DISTRICT,0,50350_0,Forest Park_0,Forest Park,050350000
050360,FOREST VIEW PARK DISTRICT,0,50360_0,Forest View_0,Forest View,050360000
050370,FRANKFORT PARK DISTRICT,0,50370_0,Frankfort_0,Frankfort,050370000
050380,FRANKFORT SQUARE PARK DISTRICT,0,50380_0,Frankfort_0,Frankfort,050380000
050390,GLENCOE PARK DISTRICT,0,50390_0,Glencoe_0,Glencoe,050390000
050400,GLENVIEW PARK DISTRICT,0,50400_0,Glenview_0,Glenview,050400000
050410,GOLF MAINE PARK DISTRICT,0,50410_0,GOLF MAINE PARK DISTRICT_0,GOLF MAINE PARK DISTRICT,050410000
050420,HANOVER PARK PARK DISTRICT,0,50420_0,Hanover Park_0,Hanover Park,050420000
050430,HARVEY PARK DISTRICT,0,50430_0,Harvey_0,Harvey,050430000
050440,HAWTHORNE PARK DISTRICT,0,50440_0,Hawthorne_0,Hawthorne,050440000
050450,HAZELCREST PARK DISTRICT,0,50450_0,Hazelcrest_0,Hazelcrest,050450000
050460,HICKORY HILLS PARK DISTRICT,0,50460_0,Hickory Hills_0,Hickory Hills,050460000
050470,HODGKINS PARK DISTRICT,0,50470_0,Hodgkins_0,Hodgkins,050470000
050480,HOFFMAN ESTATES PARK DISTRICT,0,50480_0,Hoffman Estates_0,Hoffman Estates,050480000
050490,HOMEWOOD FLOSSMOOR PARK DISTRICT,0,50490_0,HOMEWOOD FLOSSMOOR PARK DISTRICT_0,HOMEWOOD FLOSSMOOR PARK DISTRICT,050490000
050500,INVERNESS PARK DISTRICT,0,50500_0,Inverness_0,Inverness,050500000
050510,IVANHOE PARK DISTRICT,0,50510_0,Riverdale_0,Riverdale,050510000
050520,JUSTICE PARK DISTRICT,0,50520_0,Justice_0,Justice,050520000
050530,KENILWORTH PARK DISTRICT,0,50530_0,Kenilworth_0,Kenilworth,050530000
050540,LA GRANGE PARK DISTRICT,0,50540_0,La Grange_0,La Grange,050540000
050550,LAN OAK PARK DISTRICT,0,50550_0,LAN OAK PARK DISTRICT_0,LAN OAK PARK DISTRICT,050550000
050560,LEMONT PARK DISTRICT,0,50560_0,Lemont_0,Lemont,050560000
050570,LIGHTHOUSE PARK DISTRICT OF EVANSTON,0,50570_0,Evanston_0,Evanston,050570000
050580,MARKHAM PARK DISTRICT,0,50580_0,Markham_0,Markham,050580000
050600,MAYWOOD PARK DISTRICT,0,50600_0,Maywood_0,Maywood,050600000
050610,MC COOK PARK DISTRICT,0,50610_0,McCook_0,McCook,050610000
050630,MEMORIAL PARK DISTRICT,0,50630_0,Memorial Park - Chicago_0,Memorial Park - Chicago,050630000
050640,MIDLOTHIAN PARK DISTRICT,0,50640_0,Midlothian_0,Midlothian,050640000
050650,MOKENA COMMUNITY PARK DISTRICT,0,50650_0,Mokena_0,Mokena,050650000
050650,MOKENA COMMUNITY PARK DISTRICT BOND 2005,1,50650_1,Mokena_1,Mokena,050650003
050660,MORTON GROVE PARK DISTRICT,0,50660_0,Morton Grove_0,Morton Grove,050660000
050670,MT PROSPECT PARK DISTRICT,0,50670_0,Mt Prospect_0,Mt Prospect,050670000
050680,NILES PARK DISTRICT,0,50680_0,Niles_0,Niles,050680000
050690,NORRIDGE PARK DISTRICT,0,50690_0,Norridge_0,Norridge,050690000
050700,NORTH BERWYN PARK DISTRICT,0,50700_0,Berwyn_0,Berwyn,050700000
050710,NORTHBROOK PARK DISTRICT,0,50710_0,Northbrook_0,Northbrook,050710000
050720,NORTHFIELD PARK DISTRICT,0,50720_0,Northfield_0,Northfield,050720000
050730,OAK BROOK PARK DISTRICT,0,50730_0,Oak Brook_0,Oak Brook,050730000
050740,OAK FOREST PARK DISTRICT,0,50740_0,Oak Forest_0,Oak Forest,050740000
050750,OAK LAWN PARK DISTRICT,0,50750_0,Oak Lawn_0,Oak Lawn,050750000
050760,OAK PARK PARK DISTRICT,0,50760_0,Oak Park_0,Oak Park,050760000
050770,OLYMPIA FIELDS PARK DISTRICT,0,50770_0,Olympia Fields_0,Olympia Fields,050770000
050780,PALATINE PARK DISTRICT,0,50780_0,Palatine_0,Palatine,050780000
050800,PARK DISTRICT OF FRANKLIN PARK,0,50800_0,Franklin Park_0,Franklin Park,050800000
050810,PARK RIDGE PARK DISTRICT,0,50810_0,Park Ridge_0,Park Ridge,050810000
050820,PHOENIX PARK DISTRICT,0,50820_0,Phoenix_0,Phoenix,050820000
050830,PLEASANTDALE PARK DISTRICT,0,50830_0,Pleasantdale_0,Pleasantdale,050830000
050850,POSEN PARK DISTRICT,0,50850_0,Posen_0,Posen,050850000
050860,PROSPECT HEIGHTS PARK DISTRICT,0,50860_0,Prospect Heights_0,Prospect Heights,050860000
050880,RIDGEVILLE PARK DISTRICT,0,50880_0,Ridgeville_0,Ridgeville,050880000
050890,RIVER FOREST PARK DISTRICT,0,50890_0,River Forest_0,River Forest,050890000
050900,RIVER TRAILS PARK DISTRICT,0,50900_0,Mt Prospect and Prospect Heights_0,Mt Prospect and Prospect Heights,050900000
050910,RIVERDALE PARK DISTRICT,0,50910_0,Riverdale_0,Riverdale,050910000
050920,ROBBINS PARK DISTRICT,0,50920_0,Robbins_0,Robbins,050920000
050930,ROLLING MEADOWS PARK DISTRICT,0,50930_0,Rolling Meadows_0,Rolling Meadows,050930000
050940,ROSEMONT PARK DISTRICT,0,50940_0,Rosemont_0,Rosemont,050940000
050950,SALT CREEK RURAL PARK DISTRICT,0,50950_0,SALT CREEK RURAL PARK DISTRICT_0,SALT CREEK RURAL PARK DISTRICT,050950000
050960,SCHAUMBURG PARK DISTRICT,0,50960_0,Schaumburg_0,Schaumburg,050960000
050970,SKOKIE PARK DISTRICT,0,50970_0,Skokie_0,Skokie,050970000
050970,SKOKIE PARK DISTRICT BOND,0,50970_0,Skokie_0,Skokie,050970001
050980,SOUTH BARRINGTON PARK DISTRICT,0,50980_0,South Barrington_0,South Barrington,050980000
051000,STREAMWOOD PARK DISTRICT,0,51000_0,Streamwood_0,Streamwood,051000000
051010,SUMMIT PARK DISTRICT,0,51010_0,Summit_0,Summit,051010000
051020,TINLEY PARK PARK DISTRICT,0,51020_0,Tinley Park_0,Tinley Park,051020000
051030,VETERANS PARK DISTRICT,0,51030_0,VETERANS PARK DISTRICT_0,VETERANS PARK DISTRICT,051030000
051050,WESTCHESTER PARK DISTRICT,0,51050_0,Westchester_0,Westchester,051050000
051060,WESTDALE PARK DISTRICT,0,51060_0,Westdale_0,Westdale,051060000
051070,WESTERN SPRINGS PARK DISTRICT,0,51070_0,Western Springs_0,Western Springs,051070000
051080,WHEELING PARK DISTRICT,0,51080_0,Wheeling_0,Wheeling,051080000
051090,WILMETTE PARK DISTRICT,0,51090_0,Wilmette_0,Wilmette,051090000
051100,WINNETKA PARK DISTRICT,0,51100_0,Winnetka_0,Winnetka,051100000
051200,WORTH PARK DISTRICT,0,51200_0,Worth_0,Worth,051200000
060010,ACORN PUBLIC LIBRARY DISTRICT,0,60010_0,Oak Forest_0,Oak Forest,060010000
060020,ALSIP MERRIONETTE PARK PUBLIC LIBRARY DISTRICT,0,60020_0,ALSIP MERRIONETTE PARK PUBLIC LIBRARY DISTRICT_0,ALSIP MERRIONETTE PARK PUBLIC LIBRARY DISTRICT,060020000
060030,BARRINGTON PUBLIC LIBRARY DISTRICT,0,60030_0,Barrington_0,Barrington,060030000
060040,BARTLETT PUBLIC LIBRARY DISTRICT,0,60040_0,Bartlett_0,Bartlett,060040000
060050,BEDFORD PARK PUBLIC LIBRARY DISTRICT,0,60050_0,Bedfood Park_0,Bedfood Park,060050000
060060,BENSENVILLE COMMUNITY PUBLIC LIBRARY,0,60060_0,Bensenville_0,Bensenville,060060000
060080,BROADVIEW PUBLIC LIBRARY DISTRICT,0,60080_0,Broadview_0,Broadview,060080000
060090,CRESTWOOD PUBLIC LIBRARY DISTRICT,0,60090_0,Crestwood_0,Crestwood,060090000
060100,DIXMOOR PUBLIC LIBRARY DISTRICT,0,60100_0,Dixmoor_0,Dixmoor,060100000
060110,DOLTON PUBLIC LIBRARY DISTRICT,0,60110_0,Dolton_0,Dolton,060110000
060120,EAST HAZELCREST PUBLIC LIBRARY DISTRICT,0,60120_0,East Hazelcrest_0,East Hazelcrest,060120000
060130,EISENHOWER PUBLIC LIBRARY DISTRICT,0,60130_0,EISENHOWER PUBLIC LIBRARY DISTRICT_0,EISENHOWER PUBLIC LIBRARY DISTRICT,060130000
060140,FORD HEIGHTS PUBLIC LIBRARY DISTRICT,0,60140_0,Ford Heights_0,Ford Heights,060140000
060150,FRANKFORT PUBLIC LIBRARY DISTRICT,0,60150_0,Frankfort_0,Frankfort,060150000
060160,FRANKLIN PARK PUBLIC LIBRARY DISTRICT,0,60160_0,Franklin Park_0,Franklin Park,060160000
060170,GAIL BORDEN PUBLIC LIBRARY DISTRICT,0,60170_0,drop_0,drop,060170000
060180,GLENWOOD LYNWOOD PUBLIC LIBRARY DISTRICT,0,60180_0,GLENWOOD LYNWOOD PUBLIC LIBRARY DISTRICT_0,GLENWOOD LYNWOOD PUBLIC LIBRARY DISTRICT,060180000
060190,GRANDE PRAIRIE PUBLIC LIBRARY DISTRICT,0,60190_0,GRANDE PRAIRIE PUBLIC LIBRARY DISTRICT_0,GRANDE PRAIRIE PUBLIC LIBRARY DISTRICT,060190000
060200,GREEN HILLS PUBLIC LIBRARY DISTRICT,0,60200_0,GREEN HILLS PUBLIC LIBRARY DISTRICT_0,GREEN HILLS PUBLIC LIBRARY DISTRICT,060200000
060210,HARVEY PUBLIC LIBRARY DISTRICT,0,60210_0,Harvey_0,Harvey,060210000
060220,HODGKINS PUBLIC LIBRARY DISTRICT,0,60220_0,Hodgkins_0,Hodgkins,060220000
060230,HOMEWOOD PUBLIC LIBRARY DISTRICT,0,60230_0,Homewood_0,Homewood,060230000
060237,INDIAN PRAIRIE LIBRARY DISTRICT,0,60237_0,Indian Prarie_0,Indian Prarie,060237000
060240,INDIAN TRAILS PUBLIC LIBRARY DISTRICT,0,60240_0,Indian Trails_0,Indian Trails,060240000
060250,JUSTICE PUBLIC LIBRARY DISTRICT,0,60250_0,Justice_0,Justice,060250000
060260,KENILWORTH PUBLIC LIBRARY DISTRICT,0,60260_0,Kenilworth_0,Kenilworth,060260000
060270,LA GRANGE PARK PUBLIC LIBRARY DISTRICT,0,60270_0,La Grange Park_0,La Grange Park,060270000
060280,LEMONT PUBLIC LIBRARY DISTRICT,0,60280_0,Lemont_0,Lemont,060280000
060280,LEMONT PUBLIC LIBRARY BOND ANX PALOS PARK 2017,1,60280_1,Lemont_1,Lemont,060280001
060290,LINCOLNWOOD PUBLIC LIBRARY DISTRICT,0,60290_0,Lincolnwood_0,Lincolnwood,060290000
060295,MATTESON AREA PUBLIC LIBRARY DISTRICT,0,60295_0,MATTESON AREA PUBLIC LIBRARY DISTRICT_0,MATTESON AREA PUBLIC LIBRARY DISTRICT,060295000
060300,MAYWOOD PUBLIC LIBRARY DISTRICT,0,60300_0,Maywood_0,Maywood,060300000
060310,MC COOK PUBLIC LIBRARY DISTRICT,0,60310_0,McCook_0,McCook,060310000
060320,NANCY L MCCONATHY PUBLIC LIBRARY DISTRICT,0,60320_0,NANCY L MCCONATHY PUBLIC LIBRARY DISTRICT_0,NANCY L MCCONATHY PUBLIC LIBRARY DISTRICT,060320000
060330,NILES PUBLIC LIBRARY DISTRICT,0,60330_0,Niles_0,Niles,060330000
060340,NORTH RIVERSIDE PUBLIC LIBRARY DISTRICT,0,60340_0,North Riverside_0,North Riverside,060340000
060350,NORTHLAKE PUBLIC LIBRARY DISTRICT,0,60350_0,Northlake_0,Northlake,060350000
060360,ORLAND HILLS PUBLIC LIBRARY DISTRICT,0,60360_0,Orland Hills_0,Orland Hills,060360000
060370,PALATINE PUBLIC LIBRARY DISTRICT,0,60370_0,Palatine_0,Palatine,060370000
060370,PALATINE PUBLIC LIBRARY DISTRICT BOND,1,60370_1,Palatine_1,Palatine,060370001
060380,PHOENIX PUBLIC LIBRARY DISTRICT,0,60380_0,Phoenix_0,Phoenix,060380000
060390,POPLAR CREEK PUBLIC LIBRARY DISTRICT,0,60390_0,Poplar Creek_0,Poplar Creek,060390000
060400,POSEN PUBLIC LIBRARY DISTRICT,0,60400_0,Posen_0,Posen,060400000
060410,PRAIRIE TRAILS PUBLIC LIBRARY DISTRICT,0,60410_0,Prairie Trails_0,Prairie Trails,060410000
060420,PROSPECT HEIGHTS PUBLIC LIBRARY DISTRICT,0,60420_0,Prospect Heights_0,Prospect Heights,060420000
060430,RICHTON PARK PUBLIC LIBRARY DISTRICT,0,60430_0,Richton Park_0,Richton Park,060430000
060440,RIVER GROVE PUBLIC LIBRARY DISTRICT,0,60440_0,River Grove_0,River Grove,060440000
060450,RIVERDALE PUBLIC LIBRARY DISTRICT,0,60450_0,Riverdale_0,Riverdale,060450000
060460,ROSELLE PUBLIC LIBRARY,0,60460_0,Roselle_0,Roselle,060460000
060480,SCHAUMBURG TOWNSHIP DISTRICT PUBLIC LIBRARY,0,60480_0,Schaumburg_0,Schaumburg,060480000
060490,STEGER SOUTH CHICAGO HEIGHTS PUBLIC LIBRARY DISTRICT,0,60490_0,drop_0,drop,060490000
060500,STICKNEY FOREST VIEW PUBLIC LIBRARY DISTRICT,0,60500_0,STICKNEY FOREST VIEW PUBLIC LIBRARY DISTRICT_0,STICKNEY FOREST VIEW PUBLIC LIBRARY DISTRICT,060500000
060510,SUMMIT PUBLIC LIBRARY DISTRICT,0,60510_0,Summit_0,Summit,060510000
060515,UNIVERSITY PARK PUBLIC LIBRARY DISTRICT,0,60515_0,University Park_0,University Park,060515000
060520,WILLIAM LEONARD PUBLIC LIBRARY DISTRICT,0,60520_0,Robbins_0,Robbins,060520000
060530,WILMETTE PUBLIC LIBRARY DISTRICT,0,60530_0,Wilmette_0,Wilmette,060530000
060540,WINNETKA - NORTHFIELD PUBLIC LIBRARY DISTRICT,0,60540_0,WINNETKA - NORTHFIELD PUBLIC LIBRARY DISTRICT_0,WINNETKA - NORTHFIELD PUBLIC LIBRARY DISTRICT,060540000
060550,WORTH PUBLIC LIBRARY DISTRICT,0,60550_0,Worth_0,Worth,060550000
070010,BARRINGTON COUNTRYSIDE FIRE PROTECTION DISTRICT,0,70010_0,BARRINGTON COUNTRYSIDE FIRE PROTECTION DISTRICT_0,BARRINGTON COUNTRYSIDE FIRE PROTECTION DISTRICT,070010000
070020,BARTLETT FIRE PROTECTION DISTRICT,0,70020_0,Bartlett_0,Bartlett,070020000
070025,BENSENVILLE FIRE PROTECTION DISTRICT 2,0,70025_0,Bensenville_0,Bensenville,070025000
070040,CENTRAL STICKNEY FIRE PROTECTION DISTRICT,0,70040_0,Central Stickney_0,Central Stickney,070040000
070070,COUNTRY CLUB HILLS FIRE PROTECTION DISTRICT,0,70070_0,drop_0,drop,070070000
070090,EAST DUNDEE & COUNTRYSIDE FIRE PROTECTION DISTRICT,0,70090_0,#NAME?,EAST DUNDEE & COUNTRYSIDE FIRE PROTECTION DISTRICT,070090000
070090,EAST DUNDEE & COUNTRYSIDE FIRE BOND 2018 DISC,1,70090_1,,drop,070090001
070100,ELK GROVE RURAL FIRE PROTECTION DISTRICT,0,70100_0,,Elk Grove,070100000
070110,FOREST RIVER FIRE PROTECTION DISTRICT,0,70110_0,,Forest River,070110000
070120,FOREST VIEW FIRE PROTECTION DISTRICT,0,70120_0,,Forest View,070120000
070130,GARDEN HOMES FIRE PROTECTION DISTRICT,0,70130_0,,GARDEN HOMES FIRE PROTECTION DISTRICT,070130000
070140,GLENBROOK FIRE DISTRICT,0,70140_0,,Glenbrook,070140000
070160,HANOVER PARK FIRE PROTECTION DISTRICT,0,70160_0,,drop,070160000
070190,HOFFMAN ESTATES FIRE PROTECTION DISTRICT 1,0,70190_0,,Hoffman Estates,070190000
070200,HOLBROOK FIRE PROTECTION DISTRICT,0,70200_0,,Holbrook,070200000
070210,HOMETOWN FIRE PROTECTION DISTRICT,0,70210_0,,Hometown,070210000
070220,LEMONT FIRE PROTECTION DISTRICT,0,70220_0,,Lemont,070220000
070230,LEYDEN FIRE PROTECTION DISTRICT,0,70230_0,,Leyden,070230000
070230,LEYDEN FIRE PROTECTION DISTRICT BOND,1,70230_1,,Leyden,070230001
070240,LONG GROVE FIRE PROTECTION DISTRICT,0,70240_0,,drop,070240000
070250,MILLER WOODS FIRE PROTECTION DISTRICT,0,70250_0,,Miller Woods,070250000
070270,MOKENA FIRE PROTECTION DISTRICT,0,70270_0,,Mokena,070270000
070290,NORTH LAKE FIRE PROTECTION DISTRICT,0,70290_0,,North Lake,070290000
070310,NORTH MAINE FIRE PROTECTION DISTRICT,0,70310_0,,,070310000
070310,NORTH MAINE FIRE PROTECTION DISTRICT BOND,1,70310_1,,Combined,070310002
070320,NORTH PALOS FIRE PROTECTION DISTRICT,0,70320_0,,North Palos,070320000
070330,NORTHBROOK RURAL FIRE PROTECTION DISTRICT,0,70330_0,,Northbrook,070330000
070340,NORTHWEST HOMER FIRE PROTECTION DISTRICT,0,70340_0,,drop,070340000
070350,NORWOOD PARK FIRE PROTECTION DISTRICT,0,70350_0,,Norwood Park,070350000
070370,OLYMPIA GARDENS FIRE PROTECTION DISTRICT,0,70370_0,,Olympia Gardens,070370000
070380,ORLAND FIRE PROTECTION DISTRICT,0,70380_0,,Orland,070380000
070390,PALATINE RURAL FIRE PROTECTION DISTRICT,0,70390_0,,Palatine,070390000
070400,PALOS FIRE PROTECTION DISTRICT,0,70400_0,,Palos,070400000
070410,PALOS HEIGHTS FIRE PROTECTION DISTRICT,0,70410_0,,Palos Heights,070410000
070440,PLEASANT VIEW FIRE PROTECTION DISTRICT,0,70440_0,,Pleasant View,070440000
070440,PLEASANT VIEW FIRE PROTECTION DISTRICT BOND,1,70440_1,,Pleasant View,070440001
070450,PROSPECT HEIGHTS FIRE PROTECTION DISTRICT,0,70450_0,,Prospect Heights,070450000
070470,RIVERSIDE LAWN FIRE PROTECTION DISTRICT,0,70470_0,,Riverside Lawn,070470000
070480,ROBERTS PARK FIRE PROTECTION DISTRICT,0,70480_0,,Roberts Park,070480000
070500,ROSELLE FIRE PROTECTION DISTRICT,0,70500_0,,Roselle,070500000
070520,SUNNYCREST FIRE PROTECTION DISTRICT,0,70520_0,,Sunnycrest,070520000
070525,TRI-STATE FIRE PROTECTION DISTRICT,0,70525_0,,drop,070525000
070530,YORKFIELD FIRE PROTECTION DISTRICT,0,70530_0,,drop,070530000
080030,CENTRAL STICKNEY SANITARY DISTRICT,0,80030_0,,CENTRAL STICKNEY SANITARY DISTRICT,080030000
080050,CRAWFORD COUNTRYSIDE SANITARY DISTRICT,0,80050_0,,CRAWFORD COUNTRYSIDE SANITARY DISTRICT,080050000
080070,FOREST RIVER SANITARY DISTRICT,0,80070_0,,FOREST RIVER SANITARY DISTRICT,080070000
080080,FOX RIVER WATER RECLAMATION DISTRICT,0,80080_0,,drop,080080000
080090,GARDEN HOMES SANITARY DISTRICT,0,80090_0,,GARDEN HOMES SANITARY DISTRICT,080090000
080110,GLENBROOK SANITARY DISTRICT,0,80110_0,,GLENBROOK SANITARY DISTRICT,080110000
080150,KIMBERLY HEIGHTS SANITARY DISTRICT,0,80150_0,,KIMBERLY HEIGHTS SANITARY DISTRICT,080150000
080160,LA GRANGE HIGHLANDS SANITARY DISTRICT,0,80160_0,,LA GRANGE HIGHLANDS SANITARY DISTRICT,080160000
080180,METRO WATER RECLAMATION DISTRICT OF GREATER CHICAGO,0,80180_0,,METRO WATER RECLAMATION DISTRICT OF GREATER CHICAGO,080180000
080180,METRO WATER RECLAMATION BOND DISTRICT 2017 DISC,1,80180_1,,drop,080180021
080190,MISSION BROOK SANITARY DISTRICT,0,80190_0,,MISSION BROOK SANITARY DISTRICT,080190000
080200,NORTHFIELD WOODS SANITARY DISTRICT,0,80200_0,,NORTHFIELD WOODS SANITARY DISTRICT,080200000
080220,OAK MEADOW SANITARY DISTRICT,0,80220_0,,OAK MEADOW SANITARY DISTRICT,080220000
080230,OLD TOWN SANITARY DISTRICT,0,80230_0,,OLD TOWN SANITARY DISTRICT,080230000
080260,PLUM GROVE ESTATES SANITARY DISTRICT,0,80260_0,,PLUM GROVE ESTATES SANITARY DISTRICT,080260000
080270,PLUM GROVE WOODLANDS SANITARY DISTRICT,0,80270_0,,PLUM GROVE WOODLANDS SANITARY DISTRICT,080270000
080320,SOUTH LYONS TOWNSHIP SANITARY DISTRICT,0,80320_0,,SOUTH LYONS TOWNSHIP SANITARY DISTRICT,080320000
080330,SOUTH PALOS TOWNSHIP SANITARY DISTRICT,0,80330_0,,SOUTH PALOS TOWNSHIP SANITARY DISTRICT,080330000
080340,SOUTH STICKNEY SANITARY DISTRICT,0,80340_0,,SOUTH STICKNEY SANITARY DISTRICT,080340000
080350,THORN CREEK BASIN SANITARY DISTRICT,0,80350_0,,THORN CREEK BASIN SANITARY DISTRICT,080350000
080390,WOODLEY ROAD SANITARY DISTRICT,0,80390_0,,WOODLEY ROAD SANITARY DISTRICT,080390000
090010,DES PLAINES VALLEY MOSQUITO ABATEMENT DISTRICT,0,90010_0,,,090010000
090020,NORTH SHORE MOSQUITO ABATEMENT DISTRICT,0,90020_0,,,090020000
090030,NORTHWEST MOSQUITO ABATEMENT DISTRICT,0,90030_0,,,090030000
090040,SOUTH COOK COUNTY MOSQUITO ABATEMENT DISTRICT,0,90040_0,,,090040000
100010,FOREST RIVER STREET LIGHTING DISTRICT,0,100010_0,,drop,100010000
100020,NORWOOD PARK STREET LIGHTING,0,100020_0,,drop,100020000
110020,NORTHWEST HOME EQUITY ASSURANCE,0,110020_0,,drop,110020000
110030,SOUTHWEST HOME EQUITY ASSURANCE,0,110030_0,,drop,110030000
110040,SOUTHWEST HOME EQUITY ASSURANCE 1,0,110040_0,,drop,110040000
130030,UNION DRAINAGE DISTRICT 1,0,130030_0,,drop,130030000
130040,ADDISON CREEK RIVER CONSERVANCY DISTRICT,0,130040_0,,,130040000
140020,BRONZEVILLE EXPANDED MENTAL HEALTH SERVICE DISTRICT,0,140020_0,,drop,140020000
140030,LOGAN AVONDALE HERMOSA EXPANDED MENTAL HEALTH SERVICE DISTRICTERV,0,140030_0,,drop,140030000
140050,NORTH RIVER EXPANDED MENTAL HEALTH SERVICE DISTRICT,0,140050_0,,drop,140050000
140100,WEST SIDE EXPANDED MENTAL HEALTH SERVICE DISTRICT,1,140100_1,,drop,140100000
990010,DUPAGE WATER COMMISSION,0,990010_0,,drop,990010000
990020,SUBURBAN T B SANITARIUM,0,990020_0,,drop,990020000
